filename,eta,U,free_energy,kind,n_torons,separation,split
double_eta33_U2p50_sep30.png,33,2.5,4.9298812968271075e-14,double,2,30.0,train
double_eta38_U2p00_sep55.png,38,2.0,4.972885511620153e-14,double,2,55.0,train
double_eta36_U3p00_sep65.png,36,3.0,-6.600313937346596e-16,double,2,65.0,train
double_eta40_U1p50_sep55.png,40,1.5,6.272819233655583e-14,double,2,55.0,train
double_eta39_U3p50_sep70.png,39,3.5,-5.4332632600217265e-14,double,2,70.0,train
double_eta39_U1p00_sep35.png,39,1.0,8.259494980707409e-14,double,2,35.0,train
double_eta40_U0p50_sep30.png,40,0.5,8.818068833909308e-14,double,2,30.0,train
double_eta36_U2p00_sep60.png,36,2.0,6.03678711028266e-14,double,2,60.0,train
double_eta39_U1p50_sep40.png,39,1.5,6.660123417186743e-14,double,2,40.0,train
double_eta35_U1p00_sep75.png,35,1.0,1.0388332627518545e-13,double,2,75.0,train
double_eta38_U3p00_sep45.png,38,3.0,-1.3077004635233048e-14,double,2,45.0,train
double_eta39_U1p00_sep30.png,39,1.0,8.259810560888746e-14,double,2,30.0,train
double_eta35_U3p50_sep65.png,35,3.5,-3.38216065732134e-14,double,2,65.0,train
double_eta37_U2p50_sep65.png,37,2.5,2.7366515002351857e-14,double,2,65.0,train
double_eta38_U1p00_sep50.png,38,1.0,8.743263920175117e-14,double,2,50.0,train
double_eta34_U1p50_sep40.png,34,1.5,9.396440011916952e-14,double,2,40.0,train
double_eta39_U3p50_sep55.png,39,3.5,-5.5777955270778045e-14,double,2,55.0,train
double_eta40_U1p50_sep40.png,40,1.5,6.231216834451719e-14,double,2,40.0,train
double_eta35_U3p00_sep55.png,35,3.0,4.42839036002949e-15,double,2,55.0,train
double_eta30_U0p00_sep65.png,30,0.0,1.5542806004587823e-13,double,2,65.0,train
double_eta32_U2p50_sep30.png,32,2.5,5.695624082235498e-14,double,2,30.0,train
double_eta31_U3p50_sep55.png,31,3.5,-5.633157305472341e-15,double,2,55.0,train
double_eta34_U3p00_sep40.png,34,3.0,8.913485251942616e-15,double,2,40.0,train
double_eta31_U1p00_sep35.png,31,1.0,1.3304127300138345e-13,double,2,35.0,train
double_eta40_U1p50_sep70.png,40,1.5,6.296214744083647e-14,double,2,70.0,train
double_eta35_U1p00_sep70.png,35,1.0,1.0390237145903646e-13,double,2,70.0,train
double_eta39_U0p00_sep30.png,39,0.0,9.582688073265882e-14,double,2,30.0,train
double_eta34_U2p00_sep45.png,34,2.0,7.194634603854449e-14,double,2,45.0,train
double_eta33_U2p50_sep60.png,33,2.5,5.187917298244266e-14,double,2,60.0,train
double_eta32_U2p50_sep70.png,32,2.5,5.98738212025127e-14,double,2,70.0,train
double_eta37_U2p50_sep60.png,37,2.5,2.7176438962329173e-14,double,2,60.0,train
double_eta30_U0p00_sep40.png,30,0.0,1.554559189549073e-13,double,2,40.0,train
double_eta38_U3p50_sep65.png,38,3.5,-5.0042573953866365e-14,double,2,65.0,train
double_eta36_U0p00_sep40.png,36,0.0,1.1081189223649463e-13,double,2,40.0,train
double_eta32_U3p50_sep55.png,32,3.5,-1.399534309194756e-14,double,2,55.0,train
double_eta34_U3p00_sep35.png,34,3.0,8.149770220838921e-15,double,2,35.0,train
double_eta31_U3p50_sep70.png,31,3.5,-4.2103860558388645e-15,double,2,70.0,train
double_eta36_U1p50_sep60.png,36,1.5,8.220189189929783e-14,double,2,60.0,train
double_eta40_U0p50_sep75.png,40,0.5,8.81860232063851e-14,double,2,75.0,train
double_eta36_U3p50_sep50.png,36,3.5,-4.1597258415586335e-14,double,2,50.0,train
double_eta32_U3p00_sep65.png,32,3.0,2.6226967425037728e-14,double,2,65.0,train
double_eta34_U3p50_sep45.png,34,3.5,-3.0307551011341136e-14,double,2,45.0,train
double_eta35_U0p50_sep60.png,35,0.5,1.1343116209243027e-13,double,2,60.0,train
double_eta36_U1p50_sep50.png,36,1.5,8.196741742949904e-14,double,2,50.0,train
double_eta40_U0p00_sep35.png,40,0.0,9.146440261514333e-14,double,2,35.0,train
double_eta34_U1p00_sep40.png,34,1.0,1.1003503583516827e-13,double,2,40.0,train
double_eta38_U3p00_sep50.png,38,3.0,-1.2399983549449256e-14,double,2,50.0,train
double_eta32_U2p50_sep40.png,32,2.5,5.79321274009506e-14,double,2,40.0,train
double_eta35_U1p50_sep45.png,35,1.5,8.768646710181087e-14,double,2,45.0,train
double_eta30_U3p50_sep75.png,30,3.5,5.085818725279842e-15,double,2,75.0,train
double_eta31_U3p00_sep70.png,31,3.0,3.483187782945258e-14,double,2,70.0,train
double_eta35_U0p50_sep40.png,35,0.5,1.1337713174294936e-13,double,2,40.0,train
double_eta33_U0p50_sep30.png,33,0.5,1.268352442466141e-13,double,2,30.0,train
double_eta32_U3p50_sep35.png,32,3.5,-1.7767797756636955e-14,double,2,35.0,train
double_eta39_U2p50_sep50.png,39,2.5,1.685914569788438e-14,double,2,50.0,train
double_eta33_U0p50_sep75.png,33,0.5,1.2683638044096988e-13,double,2,75.0,train
double_eta34_U2p00_sep55.png,34,2.0,7.245824305165521e-14,double,2,55.0,train
double_eta33_U0p50_sep50.png,33,0.5,1.2682116231729196e-13,double,2,50.0,train
double_eta31_U2p50_sep45.png,31,2.5,6.678642414085089e-14,double,2,45.0,train
double_eta35_U2p00_sep65.png,35,2.0,6.636501046370742e-14,double,2,65.0,train
double_eta32_U0p00_sep55.png,32,0.0,1.3775179175808418e-13,double,2,55.0,train
double_eta36_U2p50_sep45.png,36,2.5,3.144036245749384e-14,double,2,45.0,train
double_eta30_U2p50_sep55.png,30,2.5,7.686416422957075e-14,double,2,55.0,train
double_eta38_U3p50_sep55.png,38,3.5,-5.1173899053068664e-14,double,2,55.0,train
double_eta38_U0p50_sep75.png,38,0.5,9.710243652255531e-14,double,2,75.0,train
double_eta36_U2p50_sep55.png,36,2.5,3.226460392385904e-14,double,2,55.0,train
double_eta34_U0p50_sep45.png,34,0.5,1.1978137400052402e-13,double,2,45.0,train
double_eta36_U3p50_sep70.png,36,3.5,-3.936332349671886e-14,double,2,70.0,train
double_eta32_U2p00_sep50.png,32,2.0,8.690440461076416e-14,double,2,50.0,train
double_eta37_U2p00_sep35.png,37,2.0,5.363099505173789e-14,double,2,35.0,train
double_eta35_U2p50_sep30.png,35,2.5,3.589466369284722e-14,double,2,30.0,train
double_eta33_U1p00_sep55.png,33,1.0,1.17204158773391e-13,double,2,55.0,train
double_eta34_U1p50_sep30.png,34,1.5,9.369084476780246e-14,double,2,30.0,train
double_eta35_U2p00_sep50.png,35,2.0,6.582914791063184e-14,double,2,50.0,train
double_eta30_U3p00_sep30.png,30,3.0,3.96791766923727e-14,double,2,30.0,train
double_eta32_U1p50_sep75.png,32,1.5,1.0927520241553106e-13,double,2,75.0,train
double_eta40_U0p00_sep45.png,40,0.0,9.144274325519979e-14,double,2,45.0,train
double_eta40_U3p50_sep65.png,40,3.5,-5.891180451182425e-14,double,2,65.0,train
double_eta35_U2p00_sep30.png,35,2.0,6.468939773854371e-14,double,2,30.0,train
double_eta33_U1p00_sep30.png,33,1.0,1.1696721067578206e-13,double,2,30.0,train
double_eta37_U2p50_sep70.png,37,2.5,2.7514298177294832e-14,double,2,70.0,train
double_eta34_U1p50_sep75.png,34,1.5,9.460620086655554e-14,double,2,75.0,train
double_eta33_U2p00_sep30.png,33,2.0,7.810396285670207e-14,double,2,30.0,train
double_eta32_U0p50_sep40.png,32,0.5,1.3445624961821416e-13,double,2,40.0,train
double_eta35_U1p50_sep50.png,35,1.5,8.785883777341946e-14,double,2,50.0,train
double_eta34_U2p00_sep35.png,34,2.0,7.135658218224591e-14,double,2,35.0,train
double_eta33_U3p50_sep75.png,33,3.5,-2.0089009024070293e-14,double,2,75.0,train
double_eta39_U3p50_sep35.png,39,3.5,-5.958269728769344e-14,double,2,35.0,train
double_eta31_U0p50_sep30.png,31,0.5,1.4291397928936397e-13,double,2,30.0,train
double_eta40_U1p00_sep50.png,40,1.0,7.851532864685379e-14,double,2,50.0,train
double_eta32_U1p00_sep35.png,32,1.0,1.246265736555911e-13,double,2,35.0,train
double_eta39_U3p00_sep55.png,39,3.0,-1.6463447260639874e-14,double,2,55.0,train
double_eta30_U3p00_sep75.png,30,3.0,4.4116661682836214e-14,double,2,75.0,train
double_eta31_U2p50_sep35.png,31,2.5,6.582510143596784e-14,double,2,35.0,train
double_eta39_U0p50_sep40.png,39,0.5,9.243105446213379e-14,double,2,40.0,train
double_eta35_U2p50_sep60.png,35,2.5,3.8478984447336763e-14,double,2,60.0,train
double_eta31_U2p50_sep55.png,31,2.5,6.76091961727037e-14,double,2,55.0,train
double_eta32_U0p00_sep50.png,32,0.0,1.3777458273670745e-13,double,2,50.0,train
double_eta30_U1p00_sep70.png,30,1.0,1.4266602312264518e-13,double,2,70.0,train
double_eta40_U1p50_sep75.png,40,1.5,6.294735286278287e-14,double,2,75.0,train
double_eta32_U1p50_sep45.png,32,1.5,1.087679716885979e-13,double,2,45.0,train
double_eta39_U3p00_sep45.png,39,3.0,-1.769432452517977e-14,double,2,45.0,train
double_eta36_U0p00_sep55.png,36,0.0,1.1078455976153936e-13,double,2,55.0,train
double_eta34_U2p00_sep70.png,34,2.0,7.287622916063878e-14,double,2,70.0,train
double_eta31_U3p00_sep30.png,31,3.0,3.043567382119424e-14,double,2,30.0,train
double_eta32_U0p50_sep45.png,32,0.5,1.3444652389374767e-13,double,2,45.0,train
double_eta30_U0p00_sep60.png,30,0.0,1.5545080447892126e-13,double,2,60.0,train
double_eta37_U0p00_sep70.png,37,0.0,1.0538435614006012e-13,double,2,70.0,train
double_eta34_U2p00_sep30.png,34,2.0,7.110289654993646e-14,double,2,30.0,train
double_eta30_U3p50_sep45.png,30,3.5,1.8529276255781297e-15,double,2,45.0,train
double_eta37_U2p00_sep55.png,37,2.0,5.473297756299292e-14,double,2,55.0,train
double_eta40_U1p00_sep30.png,40,1.0,7.8308698239127e-14,double,2,30.0,train
double_eta38_U0p50_sep55.png,38,0.5,9.707924619595897e-14,double,2,55.0,train
double_eta31_U3p00_sep55.png,31,3.0,3.3833855653805835e-14,double,2,55.0,train
double_eta32_U3p50_sep50.png,32,3.5,-1.4783785420133972e-14,double,2,50.0,train
double_eta32_U3p00_sep30.png,32,3.0,2.204213477697539e-14,double,2,30.0,train
double_eta34_U1p50_sep65.png,34,1.5,9.455605163377104e-14,double,2,65.0,train
double_eta34_U2p50_sep55.png,34,2.5,4.455622468568676e-14,double,2,55.0,train
double_eta31_U2p50_sep40.png,31,2.5,6.633695881307447e-14,double,2,40.0,train
double_eta35_U1p50_sep75.png,35,1.5,8.819062502507238e-14,double,2,75.0,train
double_eta33_U3p50_sep35.png,33,3.5,-2.5391676929486842e-14,double,2,35.0,train
double_eta36_U0p50_sep55.png,36,0.5,1.0750679458048981e-13,double,2,55.0,train
double_eta30_U2p00_sep35.png,30,2.0,1.0369623772197284e-13,double,2,35.0,train
double_eta36_U2p50_sep70.png,36,2.5,3.293287880777273e-14,double,2,70.0,train
double_eta31_U1p00_sep70.png,31,1.0,1.3339963656407854e-13,double,2,70.0,train
double_eta35_U0p00_sep55.png,35,0.0,1.166746908177554e-13,double,2,55.0,train
double_eta30_U2p50_sep60.png,30,2.5,7.719252395518393e-14,double,2,60.0,train
double_eta33_U3p00_sep75.png,33,3.0,1.885316679735603e-14,double,2,75.0,train
double_eta34_U0p50_sep50.png,34,0.5,1.1981974600044378e-13,double,2,50.0,train
double_eta35_U3p50_sep70.png,35,3.5,-3.350934982420471e-14,double,2,70.0,train
double_eta30_U1p00_sep50.png,30,1.0,1.4251483569456523e-13,double,2,50.0,train
double_eta34_U0p50_sep70.png,34,0.5,1.1985665483392338e-13,double,2,70.0,train
double_eta40_U2p50_sep55.png,40,2.5,1.2935990944725162e-14,double,2,55.0,train
double_eta39_U1p50_sep65.png,39,1.5,6.719045952465164e-14,double,2,65.0,train
double_eta30_U2p50_sep35.png,30,2.5,7.508167807677787e-14,double,2,35.0,train
double_eta37_U0p50_sep70.png,37,0.5,1.02128776657868e-13,double,2,70.0,train
double_eta40_U0p00_sep60.png,40,0.0,9.146466472835827e-14,double,2,60.0,train
double_eta40_U2p00_sep50.png,40,2.0,4.059640628109643e-14,double,2,50.0,train
double_eta33_U1p00_sep50.png,33,1.0,1.171695808394272e-13,double,2,50.0,train
double_eta35_U1p00_sep30.png,35,1.0,1.035489517514433e-13,double,2,30.0,train
double_eta37_U2p00_sep50.png,37,2.0,5.451677443018357e-14,double,2,50.0,train
double_eta34_U3p50_sep50.png,34,3.5,-2.9362938208925054e-14,double,2,50.0,train
double_eta39_U1p50_sep55.png,39,1.5,6.701759106512382e-14,double,2,55.0,train
double_eta30_U0p50_sep70.png,30,0.5,1.5220026550663613e-13,double,2,70.0,train
double_eta38_U2p00_sep70.png,38,2.0,5.014444329531099e-14,double,2,70.0,train
double_eta34_U0p00_sep60.png,34,0.0,1.2311060265690048e-13,double,2,60.0,train
double_eta31_U0p00_sep45.png,31,0.0,1.4616494314538215e-13,double,2,45.0,train
double_eta30_U3p00_sep35.png,30,3.0,4.0411604663490425e-14,double,2,35.0,train
double_eta33_U1p50_sep40.png,33,1.5,1.0096664110926144e-13,double,2,40.0,train
double_eta33_U2p00_sep55.png,33,2.0,7.945841074114991e-14,double,2,55.0,train
double_eta35_U2p00_sep75.png,35,2.0,6.646058346068798e-14,double,2,75.0,train
double_eta35_U2p00_sep55.png,35,2.0,6.604549671553964e-14,double,2,55.0,train
double_eta30_U0p50_sep40.png,30,0.5,1.521343817543063e-13,double,2,40.0,train
double_eta32_U1p00_sep40.png,32,1.0,1.2470200545987122e-13,double,2,40.0,train
double_eta36_U1p00_sep60.png,36,1.0,9.79635482692814e-14,double,2,60.0,train
double_eta36_U3p00_sep45.png,36,3.0,-2.6753512970447836e-15,double,2,45.0,train
double_eta32_U3p00_sep45.png,32,3.0,2.422019526646254e-14,double,2,45.0,train
double_eta36_U1p50_sep40.png,36,1.5,8.165858516782633e-14,double,2,40.0,train
double_eta39_U3p50_sep60.png,39,3.5,-5.509344573761534e-14,double,2,60.0,train
double_eta34_U2p50_sep65.png,34,2.5,4.507607588053962e-14,double,2,65.0,train
double_eta34_U3p00_sep70.png,34,3.0,1.182620710378213e-14,double,2,70.0,train
double_eta36_U3p50_sep65.png,36,3.5,-3.967587897694217e-14,double,2,65.0,train
double_eta36_U2p50_sep65.png,36,2.5,3.2784694252395845e-14,double,2,65.0,train
double_eta32_U0p50_sep60.png,32,0.5,1.3451024884836574e-13,double,2,60.0,train
double_eta37_U1p50_sep35.png,37,1.5,7.60589200102187e-14,double,2,35.0,train
double_eta35_U1p00_sep55.png,35,1.0,1.0378725021051768e-13,double,2,55.0,train
double_eta32_U0p00_sep45.png,32,0.0,1.3775248445326756e-13,double,2,45.0,train
double_eta33_U0p00_sep70.png,33,0.0,1.3011140965188613e-13,double,2,70.0,train
double_eta40_U0p00_sep50.png,40,0.0,9.146474075046236e-14,double,2,50.0,train
double_eta39_U2p50_sep65.png,39,2.5,1.7741650774088735e-14,double,2,65.0,train
double_eta30_U3p50_sep50.png,30,3.5,2.7911361863787298e-15,double,2,50.0,train
double_eta31_U1p50_sep45.png,31,1.5,1.1718239619268957e-13,double,2,45.0,train
double_eta36_U0p50_sep30.png,36,0.5,1.075271182477587e-13,double,2,30.0,train
double_eta35_U3p50_sep45.png,35,3.5,-3.6685570795651037e-14,double,2,45.0,train
double_eta31_U1p00_sep50.png,31,1.0,1.3324875149100913e-13,double,2,50.0,train
double_eta31_U1p50_sep50.png,31,1.5,1.173551631831288e-13,double,2,50.0,train
double_eta34_U1p50_sep55.png,34,1.5,9.438196246357068e-14,double,2,55.0,train
double_eta31_U0p50_sep40.png,31,0.5,1.4286956899744666e-13,double,2,40.0,train
double_eta35_U3p50_sep75.png,35,3.5,-3.341859449326769e-14,double,2,75.0,train
double_eta31_U0p00_sep75.png,31,0.0,1.461642318708157e-13,double,2,75.0,train
double_eta34_U0p50_sep60.png,34,0.5,1.1984498072634855e-13,double,2,60.0,train
double_eta36_U1p00_sep30.png,36,1.0,9.765699434841708e-14,double,2,30.0,train
double_eta40_U0p00_sep65.png,40,0.0,9.144210530150773e-14,double,2,65.0,train
double_eta40_U1p00_sep65.png,40,1.0,7.86242917440667e-14,double,2,65.0,train
double_eta36_U2p50_sep50.png,36,2.5,3.1901901231233054e-14,double,2,50.0,train
double_eta36_U2p50_sep75.png,36,2.5,3.294817705376749e-14,double,2,75.0,train
double_eta31_U0p50_sep50.png,31,0.5,1.428982304974892e-13,double,2,50.0,train
double_eta30_U0p50_sep35.png,30,0.5,1.5211628926886527e-13,double,2,35.0,train
double_eta38_U2p00_sep40.png,38,2.0,4.89473650128601e-14,double,2,40.0,train
double_eta30_U2p00_sep45.png,30,2.0,1.0428412418089215e-13,double,2,45.0,train
double_eta30_U2p00_sep40.png,30,2.0,1.0401406686236812e-13,double,2,40.0,train
double_eta34_U0p00_sep75.png,34,0.0,1.230879251850029e-13,double,2,75.0,train
double_eta32_U0p00_sep65.png,32,0.0,1.3775178254955344e-13,double,2,65.0,train
double_eta40_U2p50_sep70.png,40,2.5,1.3602124269655196e-14,double,2,70.0,train
double_eta36_U2p00_sep70.png,36,2.0,6.057255274590772e-14,double,2,70.0,train
double_eta38_U1p00_sep65.png,38,1.0,8.75420012785952e-14,double,2,65.0,train
double_eta36_U3p50_sep75.png,36,3.5,-3.927334945270101e-14,double,2,75.0,train
double_eta32_U0p50_sep70.png,32,0.5,1.3452204229978576e-13,double,2,70.0,train
double_eta40_U1p50_sep65.png,40,1.5,6.290078764410722e-14,double,2,65.0,train
double_eta37_U1p00_sep50.png,37,1.0,9.243758236047403e-14,double,2,50.0,train
double_eta32_U0p50_sep65.png,32,0.5,1.3449506845766937e-13,double,2,65.0,train
double_eta37_U1p50_sep75.png,37,1.5,7.687328290418478e-14,double,2,75.0,train
double_eta40_U3p50_sep45.png,40,3.5,-6.17910290055536e-14,double,2,45.0,train
double_eta37_U2p00_sep60.png,37,2.0,5.494512195015665e-14,double,2,60.0,train
double_eta33_U0p50_sep65.png,33,0.5,1.2683123967289324e-13,double,2,65.0,train
double_eta37_U1p50_sep50.png,37,1.5,7.654338733319431e-14,double,2,50.0,train
double_eta34_U0p50_sep55.png,34,0.5,1.1981117688663403e-13,double,2,55.0,train
double_eta36_U3p00_sep40.png,36,3.0,-3.3588791458265338e-15,double,2,40.0,train
double_eta30_U0p50_sep55.png,30,0.5,1.5215443236811456e-13,double,2,55.0,train
double_eta30_U0p00_sep45.png,30,0.0,1.5542878072339198e-13,double,2,45.0,train
double_eta35_U2p00_sep40.png,35,2.0,6.52633211587289e-14,double,2,40.0,train
double_eta33_U0p50_sep60.png,33,0.5,1.2684642654193044e-13,double,2,60.0,train
double_eta40_U3p50_sep70.png,40,3.5,-5.859927981566942e-14,double,2,70.0,train
double_eta35_U2p50_sep65.png,35,2.5,3.8669285567842827e-14,double,2,65.0,train
double_eta34_U3p50_sep70.png,34,3.5,-2.7136641283408886e-14,double,2,70.0,train
double_eta32_U3p00_sep40.png,32,3.0,2.3539309922322297e-14,double,2,40.0,train
double_eta36_U0p00_sep60.png,36,0.0,1.1080718578042455e-13,double,2,60.0,train
double_eta35_U1p50_sep60.png,35,1.5,8.809346873301663e-14,double,2,60.0,train
double_eta35_U0p00_sep50.png,35,0.0,1.1669741833880896e-13,double,2,50.0,train
double_eta34_U0p00_sep50.png,34,0.0,1.2311068395895416e-13,double,2,50.0,train
double_eta36_U2p00_sep35.png,36,2.0,5.905369512721487e-14,double,2,35.0,train
double_eta30_U0p00_sep75.png,30,0.0,1.554280599464541e-13,double,2,75.0,train
double_eta33_U0p00_sep75.png,33,0.0,1.3008871254117805e-13,double,2,75.0,train
double_eta30_U1p00_sep40.png,30,1.0,1.4238240637870532e-13,double,2,40.0,train
double_eta34_U1p50_sep60.png,34,1.5,9.450824838385601e-14,double,2,60.0,train
double_eta32_U3p00_sep35.png,32,3.0,2.2777694869824064e-14,double,2,35.0,train
double_eta39_U2p00_sep30.png,39,2.0,4.3743449304468555e-14,double,2,30.0,train
double_eta39_U1p50_sep60.png,39,1.5,6.714344609338826e-14,double,2,60.0,train
double_eta40_U3p00_sep45.png,40,3.0,-2.1973700303841083e-14,double,2,45.0,train
double_eta36_U1p50_sep75.png,36,1.5,8.229825924675188e-14,double,2,75.0,train
double_eta34_U1p00_sep30.png,34,1.0,1.0996420524134317e-13,double,2,30.0,train
double_eta39_U0p50_sep45.png,39,0.5,9.242177743910238e-14,double,2,45.0,train
double_eta37_U3p00_sep60.png,37,3.0,-6.369789198681229e-15,double,2,60.0,train
double_eta32_U2p00_sep45.png,32,2.0,8.660879921133524e-14,double,2,45.0,train
double_eta32_U3p50_sep65.png,32,3.5,-1.2878101430283713e-14,double,2,65.0,train
double_eta31_U0p50_sep45.png,31,0.5,1.4285977369455686e-13,double,2,45.0,train
double_eta35_U3p00_sep70.png,35,3.0,5.431795828576954e-15,double,2,70.0,train
double_eta35_U1p00_sep50.png,35,1.0,1.0375274451074733e-13,double,2,50.0,train
double_eta37_U3p00_sep40.png,37,3.0,-8.768689279026337e-15,double,2,40.0,train
double_eta33_U2p00_sep50.png,33,2.0,7.924199897407086e-14,double,2,50.0,train
double_eta32_U1p00_sep50.png,32,1.0,1.2483435008220486e-13,double,2,50.0,train
double_eta38_U3p00_sep75.png,38,3.0,-1.07987833081957e-14,double,2,75.0,train
double_eta37_U3p50_sep30.png,37,3.5,-5.107954400750892e-14,double,2,30.0,train
double_eta31_U3p50_sep45.png,31,3.5,-7.359978053649708e-15,double,2,45.0,train
double_eta30_U3p50_sep55.png,30,3.5,3.576036167622393e-15,double,2,55.0,train
double_eta39_U2p00_sep55.png,39,2.0,4.510097034584474e-14,double,2,55.0,train
double_eta36_U3p00_sep35.png,36,3.0,-4.124204262264709e-15,double,2,35.0,train
double_eta33_U1p50_sep65.png,33,1.5,1.0155865990744686e-13,double,2,65.0,train
double_eta30_U3p00_sep70.png,30,3.0,4.40675828812293e-14,double,2,70.0,train
double_eta39_U3p00_sep50.png,39,3.0,-1.7017177552247375e-14,double,2,50.0,train
double_eta32_U1p00_sep70.png,32,1.0,1.2498492911424186e-13,double,2,70.0,train
double_eta33_U1p50_sep35.png,33,1.5,1.0079188637313341e-13,double,2,35.0,train
double_eta38_U0p50_sep45.png,38,0.5,9.70495568518648e-14,double,2,45.0,train
double_eta38_U3p00_sep60.png,38,3.0,-1.1361179145041617e-14,double,2,60.0,train
double_eta32_U3p50_sep60.png,32,3.5,-1.3320047282388107e-14,double,2,60.0,train
double_eta31_U0p00_sep70.png,31,0.0,1.4618696383430427e-13,double,2,70.0,train
double_eta40_U2p00_sep55.png,40,2.0,4.0812232968697665e-14,double,2,55.0,train
double_eta31_U1p50_sep65.png,31,1.5,1.1763852912220124e-13,double,2,65.0,train
double_eta31_U2p00_sep55.png,31,2.0,9.553269857309902e-14,double,2,55.0,train
double_eta39_U0p00_sep35.png,39,0.0,9.575284339173309e-14,double,2,35.0,train
double_eta33_U2p00_sep75.png,33,2.0,7.987573380404476e-14,double,2,75.0,train
double_eta32_U3p50_sep70.png,32,3.5,-1.256791410315062e-14,double,2,70.0,train
double_eta30_U0p00_sep30.png,30,0.0,1.555319272428949e-13,double,2,30.0,train
double_eta40_U3p50_sep30.png,40,3.5,-6.493950409373375e-14,double,2,30.0,train
double_eta35_U2p50_sep35.png,35,2.5,3.6360387694391905e-14,double,2,35.0,train
double_eta39_U2p00_sep60.png,39,2.0,4.531296863029918e-14,double,2,60.0,train
double_eta34_U3p50_sep55.png,34,3.5,-2.857162478833514e-14,double,2,55.0,train
double_eta36_U2p00_sep40.png,36,2.0,5.93736642423257e-14,double,2,40.0,train
double_eta31_U2p00_sep60.png,31,2.0,9.574486889944056e-14,double,2,60.0,train
double_eta33_U1p50_sep70.png,33,1.5,1.0162187510137308e-13,double,2,70.0,train
double_eta38_U3p00_sep65.png,38,3.0,-1.10595108304463e-14,double,2,65.0,train
double_eta31_U1p50_sep60.png,31,1.5,1.1759032763787955e-13,double,2,60.0,train
double_eta32_U3p00_sep70.png,32,3.0,2.644532719329646e-14,double,2,70.0,train
double_eta37_U2p50_sep45.png,37,2.5,2.6022168403983647e-14,double,2,45.0,train
double_eta40_U1p00_sep60.png,40,1.0,7.861696992513658e-14,double,2,60.0,train
double_eta36_U2p00_sep55.png,36,2.0,6.015568310082328e-14,double,2,55.0,train
double_eta40_U1p50_sep30.png,40,1.5,6.20349506925441e-14,double,2,30.0,train
double_eta33_U1p50_sep50.png,33,1.5,1.012758097106082e-13,double,2,50.0,train
double_eta33_U3p50_sep70.png,33,3.5,-2.0181009939904756e-14,double,2,70.0,train
double_eta37_U1p50_sep65.png,37,1.5,7.682503062141387e-14,double,2,65.0,train
double_eta31_U3p00_sep50.png,31,3.0,3.3283785426275825e-14,double,2,50.0,train
double_eta37_U3p00_sep55.png,37,3.0,-6.8546044629377036e-15,double,2,55.0,train
double_eta36_U3p00_sep75.png,36,3.0,-3.969723172885835e-16,double,2,75.0,train
double_eta39_U3p50_sep75.png,39,3.5,-5.4245254104878065e-14,double,2,75.0,train
double_eta37_U3p50_sep45.png,37,3.5,-4.793853117445202e-14,double,2,45.0,train
double_eta34_U2p00_sep75.png,34,2.0,7.287447227365393e-14,double,2,75.0,train
double_eta33_U1p00_sep70.png,33,1.0,1.1731984836434933e-13,double,2,70.0,train
double_eta40_U3p50_sep35.png,40,3.5,-6.385242347431221e-14,double,2,35.0,train
double_eta33_U3p00_sep65.png,33,3.0,1.858729939071767e-14,double,2,65.0,train
double_eta35_U1p00_sep45.png,35,1.0,1.0366495416356307e-13,double,2,45.0,train
double_eta33_U3p50_sep30.png,33,3.5,-2.6469248460907745e-14,double,2,30.0,train
double_eta34_U1p50_sep50.png,34,1.5,9.42734748671804e-14,double,2,50.0,train
double_eta30_U2p00_sep60.png,30,2.0,1.0500835473129373e-13,double,2,60.0,train
double_eta34_U1p00_sep75.png,34,1.0,1.1029837754764601e-13,double,2,75.0,train
double_eta34_U2p50_sep35.png,34,2.5,4.276823029476273e-14,double,2,35.0,train
double_eta37_U0p00_sep65.png,37,0.0,1.053617428954506e-13,double,2,65.0,train
double_eta33_U1p00_sep35.png,33,1.0,1.1696151803197755e-13,double,2,35.0,train
double_eta32_U1p50_sep55.png,32,1.5,1.0904925791066774e-13,double,2,55.0,train
double_eta40_U3p50_sep75.png,40,3.5,-5.851278213196225e-14,double,2,75.0,train
double_eta39_U0p50_sep50.png,39,0.5,9.245999032555167e-14,double,2,50.0,train
double_eta31_U1p00_sep65.png,31,1.0,1.3335935249694927e-13,double,2,65.0,train
double_eta30_U2p50_sep75.png,30,2.5,7.755180636898619e-14,double,2,75.0,train
double_eta38_U0p00_sep75.png,38,0.0,1.0035775106636404e-13,double,2,75.0,train
double_eta33_U1p00_sep45.png,33,1.0,1.1708164472702986e-13,double,2,45.0,train
double_eta31_U1p00_sep30.png,31,1.0,1.330479059384446e-13,double,2,30.0,train
double_eta35_U2p00_sep45.png,35,2.0,6.553371848553249e-14,double,2,45.0,train
double_eta37_U1p50_sep70.png,37,1.5,7.688716919088061e-14,double,2,70.0,train
double_eta39_U3p00_sep75.png,39,3.0,-1.5416687762816816e-14,double,2,75.0,train
double_eta37_U3p50_sep35.png,37,3.5,-4.9995337990356745e-14,double,2,35.0,train
double_eta32_U0p00_sep75.png,32,0.0,1.3775178245248467e-13,double,2,75.0,train
double_eta32_U0p50_sep75.png,32,0.5,1.3450029522531047e-13,double,2,75.0,train
double_eta33_U3p00_sep50.png,33,3.0,1.725295425750769e-14,double,2,50.0,train
double_eta39_U2p00_sep35.png,39,2.0,4.39993276268854e-14,double,2,35.0,train
double_eta30_U2p50_sep65.png,30,2.5,7.738254550129451e-14,double,2,65.0,train
double_eta40_U2p00_sep70.png,40,2.0,4.1226436277971627e-14,double,2,70.0,train
double_eta31_U3p00_sep75.png,31,3.0,3.488054498554584e-14,double,2,75.0,train
double_eta31_U2p00_sep50.png,31,2.0,9.531628129488224e-14,double,2,50.0,train
double_eta38_U2p50_sep45.png,38,2.5,2.1022071297619266e-14,double,2,45.0,train
double_eta40_U0p50_sep65.png,40,0.5,8.818141985461668e-14,double,2,65.0,train
double_eta32_U1p00_sep55.png,32,1.0,1.2486896494944732e-13,double,2,55.0,train
double_eta37_U1p50_sep60.png,37,1.5,7.677768947407253e-14,double,2,60.0,train
double_eta30_U2p50_sep30.png,30,2.5,7.462024009912347e-14,double,2,30.0,train
double_eta34_U1p00_sep35.png,34,1.0,1.099589726462009e-13,double,2,35.0,train
double_eta35_U2p00_sep60.png,35,2.0,6.625770902203372e-14,double,2,60.0,train
double_eta40_U3p00_sep70.png,40,3.0,-1.9738284868703025e-14,double,2,70.0,train
double_eta36_U2p00_sep65.png,36,2.0,6.047498584320917e-14,double,2,65.0,train
double_eta34_U0p00_sep35.png,34,0.0,1.231122872874116e-13,double,2,35.0,train
double_eta34_U1p50_sep45.png,34,1.5,9.410099655580068e-14,double,2,45.0,train
double_eta40_U0p50_sep45.png,40,0.5,8.81334263335406e-14,double,2,45.0,train
double_eta31_U3p00_sep40.png,31,3.0,3.1930116384076004e-14,double,2,40.0,train
double_eta35_U3p50_sep30.png,35,3.5,-3.981902630724558e-14,double,2,30.0,train
double_eta34_U2p50_sep30.png,34,2.5,4.230321628210703e-14,double,2,30.0,train
double_eta38_U3p00_sep55.png,38,3.0,-1.1846410957096434e-14,double,2,55.0,train
double_eta31_U3p00_sep35.png,31,3.0,3.1169729533826844e-14,double,2,35.0,train
double_eta34_U3p50_sep75.png,34,3.5,-2.704519632706186e-14,double,2,75.0,train
double_eta36_U0p50_sep45.png,36,0.5,1.0747704583312218e-13,double,2,45.0,train
double_eta39_U1p00_sep45.png,39,1.0,8.271678625325102e-14,double,2,45.0,train
double_eta34_U0p00_sep30.png,34,0.0,1.2318830087069318e-13,double,2,30.0,train
double_eta30_U0p50_sep75.png,30,0.5,1.5217859537613864e-13,double,2,75.0,train
double_eta38_U3p50_sep50.png,38,3.5,-5.1969004010955985e-14,double,2,50.0,train
double_eta38_U2p50_sep65.png,38,2.5,2.2366266605614235e-14,double,2,65.0,train
double_eta35_U0p00_sep65.png,35,0.0,1.1667468193133805e-13,double,2,65.0,train
double_eta36_U3p00_sep70.png,36,3.0,-4.4177583830838384e-16,double,2,70.0,train
double_eta30_U1p50_sep70.png,30,1.5,1.2696898600370094e-13,double,2,70.0,train
double_eta32_U0p50_sep55.png,32,0.5,1.3447637859399089e-13,double,2,55.0,train
double_eta33_U0p00_sep55.png,33,0.0,1.3008872173493468e-13,double,2,55.0,train
double_eta39_U0p50_sep30.png,39,0.5,9.246969586516398e-14,double,2,30.0,train
double_eta37_U1p50_sep45.png,37,1.5,7.637125668282324e-14,double,2,45.0,train
double_eta38_U1p00_sep55.png,38,1.0,8.746701806466318e-14,double,2,55.0,train
double_eta39_U1p50_sep50.png,39,1.5,6.690953802097542e-14,double,2,50.0,train
double_eta31_U3p50_sep50.png,31,3.5,-6.419909291089772e-15,double,2,50.0,train
double_eta33_U2p00_sep65.png,33,2.0,7.977823882367073e-14,double,2,65.0,train
double_eta36_U2p50_sep35.png,36,2.5,3.047505161085578e-14,double,2,35.0,train
double_eta30_U0p50_sep65.png,30,0.5,1.5217320165440573e-13,double,2,65.0,train
double_eta31_U2p00_sep65.png,31,2.0,9.585270866542123e-14,double,2,65.0,train
double_eta34_U0p00_sep40.png,34,0.0,1.2311543624163587e-13,double,2,40.0,train
double_eta33_U0p50_sep55.png,33,0.5,1.2681258889213058e-13,double,2,55.0,train
double_eta37_U1p00_sep45.png,37,1.0,9.234994747689811e-14,double,2,45.0,train
double_eta40_U2p00_sep60.png,40,2.0,4.102412998967079e-14,double,2,60.0,train
double_eta32_U1p50_sep30.png,32,1.5,1.0835944861725332e-13,double,2,30.0,train
double_eta31_U1p50_sep55.png,31,1.5,1.1746383841796856e-13,double,2,55.0,train
double_eta36_U3p00_sep50.png,36,3.0,-1.9988234865179172e-15,double,2,50.0,train
double_eta32_U1p00_sep30.png,32,1.0,1.246327345343276e-13,double,2,30.0,train
double_eta33_U3p00_sep35.png,33,3.0,1.5133417615411866e-14,double,2,35.0,train
double_eta38_U1p50_sep30.png,38,1.5,7.095350261960204e-14,double,2,30.0,train
double_eta37_U3p00_sep75.png,37,3.0,-5.8062736791210746e-15,double,2,75.0,train
double_eta38_U0p00_sep30.png,38,0.0,1.0045508357565095e-13,double,2,30.0,train
double_eta39_U1p50_sep70.png,39,1.5,6.725207104216024e-14,double,2,70.0,train
double_eta37_U1p00_sep65.png,37,1.0,9.254713516858688e-14,double,2,65.0,train
double_eta36_U1p50_sep65.png,36,1.5,8.224939222822926e-14,double,2,65.0,train
double_eta40_U3p00_sep50.png,40,3.0,-2.1296499394689843e-14,double,2,50.0,train
double_eta30_U2p00_sep55.png,30,2.0,1.0479619884687364e-13,double,2,55.0,train
double_eta39_U3p50_sep65.png,39,3.5,-5.464530602701958e-14,double,2,65.0,train
double_eta31_U3p50_sep65.png,31,3.5,-4.51937567989673e-15,double,2,65.0,train
double_eta38_U0p50_sep60.png,38,0.5,9.711291268134007e-14,double,2,60.0,train
double_eta32_U0p50_sep35.png,32,0.5,1.3443745658929534e-13,double,2,35.0,train
double_eta30_U0p50_sep60.png,30,0.5,1.5218836161863e-13,double,2,60.0,train
double_eta36_U1p50_sep35.png,36,1.5,8.148301760052543e-14,double,2,35.0,train
double_eta30_U2p00_sep70.png,30,2.0,1.0521565809512603e-13,double,2,70.0,train
double_eta40_U2p50_sep40.png,40,2.5,1.166136438402643e-14,double,2,40.0,train
double_eta39_U0p50_sep75.png,39,0.5,9.247451441597022e-14,double,2,75.0,train
double_eta36_U1p50_sep55.png,36,1.5,8.207575790167078e-14,double,2,55.0,train
double_eta37_U3p50_sep55.png,37,3.5,-4.61965239031178e-14,double,2,55.0,train
double_eta36_U0p00_sep30.png,36,0.0,1.108833471331738e-13,double,2,30.0,train
double_eta33_U2p00_sep45.png,33,2.0,7.894643403808741e-14,double,2,45.0,train
double_eta37_U1p00_sep30.png,37,1.0,9.223252247449711e-14,double,2,30.0,train
double_eta32_U3p00_sep55.png,32,3.0,2.5445480218887458e-14,double,2,55.0,train
double_eta30_U1p00_sep60.png,30,1.0,1.4261755891239009e-13,double,2,60.0,train
double_eta38_U2p00_sep75.png,38,2.0,5.014038149077701e-14,double,2,75.0,train
double_eta35_U1p50_sep65.png,35,1.5,8.814112351620084e-14,double,2,65.0,train
double_eta40_U1p50_sep50.png,40,1.5,6.26202532490859e-14,double,2,50.0,train
double_eta34_U2p00_sep50.png,34,2.0,7.224185331841381e-14,double,2,50.0,train
double_eta32_U3p00_sep75.png,32,3.0,2.6493401279354436e-14,double,2,75.0,train
double_eta30_U1p50_sep65.png,30,1.5,1.269050953682163e-13,double,2,65.0,train
double_eta40_U2p00_sep65.png,40,2.0,4.1130373169502e-14,double,2,65.0,train
double_eta34_U2p50_sep50.png,34,2.5,4.419371646721535e-14,double,2,50.0,train
double_eta35_U3p00_sep75.png,35,3.0,5.477482725274884e-15,double,2,75.0,train
double_eta40_U2p00_sep75.png,40,2.0,4.1221390532616905e-14,double,2,75.0,train
double_eta39_U3p00_sep30.png,39,3.0,-1.988793846750719e-14,double,2,30.0,train
double_eta39_U0p50_sep55.png,39,0.5,9.245143489022378e-14,double,2,55.0,train
double_eta32_U1p50_sep50.png,32,1.5,1.0894064563434671e-13,double,2,50.0,train
double_eta39_U1p50_sep30.png,39,1.5,6.63244946784349e-14,double,2,30.0,train
double_eta39_U1p50_sep75.png,39,1.5,6.72375584585577e-14,double,2,75.0,train
double_eta36_U1p00_sep45.png,36,1.0,9.777372814930562e-14,double,2,45.0,train
double_eta40_U2p50_sep35.png,40,2.5,1.11458525603941e-14,double,2,35.0,train
double_eta39_U0p50_sep35.png,39,0.5,9.241020534476655e-14,double,2,35.0,train
double_eta37_U0p50_sep75.png,37,0.5,1.0210688881178958e-13,double,2,75.0,train
double_eta40_U2p50_sep30.png,40,2.5,1.0677780195026075e-14,double,2,30.0,train
double_eta32_U0p00_sep40.png,32,0.0,1.377794692750622e-13,double,2,40.0,train
double_eta37_U3p00_sep35.png,37,3.0,-9.534642872230978e-15,double,2,35.0,train
double_eta31_U3p50_sep40.png,31,3.5,-8.327923783338175e-15,double,2,40.0,train
double_eta37_U2p00_sep45.png,37,2.0,5.422156556526926e-14,double,2,45.0,train
double_eta37_U3p00_sep30.png,37,3.0,-1.0275655811659353e-14,double,2,30.0,train
double_eta38_U1p00_sep60.png,38,1.0,8.753452357143618e-14,double,2,60.0,train
double_eta31_U1p50_sep35.png,31,1.5,1.1687172533503806e-13,double,2,35.0,train
double_eta32_U3p00_sep60.png,32,3.0,2.592695337937705e-14,double,2,60.0,train
double_eta38_U3p50_sep35.png,38,3.5,-5.4975965264884924e-14,double,2,35.0,train
double_eta31_U1p00_sep45.png,31,1.0,1.3316067633317392e-13,double,2,45.0,train
double_eta35_U1p00_sep35.png,35,1.0,1.0354416741920926e-13,double,2,35.0,train
double_eta35_U0p50_sep75.png,35,0.5,1.1342093643755795e-13,double,2,75.0,train
double_eta37_U1p00_sep60.png,37,1.0,9.253958033324889e-14,double,2,60.0,train
double_eta31_U1p50_sep75.png,31,1.5,1.1769059778175183e-13,double,2,75.0,train
double_eta30_U2p50_sep45.png,30,2.5,7.60419041352565e-14,double,2,45.0,train
double_eta31_U3p50_sep35.png,31,3.5,-9.3981478047936e-15,double,2,35.0,train
double_eta35_U0p00_sep45.png,35,0.0,1.1667535763114164e-13,double,2,45.0,train
double_eta40_U1p00_sep75.png,40,1.0,7.864354148278185e-14,double,2,75.0,train
double_eta32_U2p00_sep65.png,32,2.0,8.74407569645416e-14,double,2,65.0,train
double_eta39_U1p00_sep40.png,39,1.0,8.267230787123893e-14,double,2,40.0,train
double_eta38_U1p50_sep40.png,38,1.5,7.122971167158304e-14,double,2,40.0,train
double_eta30_U0p00_sep70.png,30,0.0,1.5545080349278616e-13,double,2,70.0,train
double_eta38_U3p50_sep40.png,38,3.5,-5.3894626808901984e-14,double,2,40.0,train
double_eta30_U1p50_sep60.png,30,1.5,1.268567790681051e-13,double,2,60.0,train
double_eta35_U2p50_sep40.png,35,2.5,3.687454766207553e-14,double,2,40.0,train
double_eta33_U0p50_sep45.png,33,0.5,1.2678276013368294e-13,double,2,45.0,train
double_eta33_U3p00_sep45.png,33,3.0,1.657784535923781e-14,double,2,45.0,train
double_eta38_U0p50_sep70.png,38,0.5,9.712434601239369e-14,double,2,70.0,train
double_eta37_U0p50_sep35.png,37,0.5,1.0204292947843021e-13,double,2,35.0,train
double_eta38_U2p00_sep65.png,38,2.0,5.0047634783754775e-14,double,2,65.0,train
double_eta37_U3p50_sep60.png,37,3.5,-4.5513898585942194e-14,double,2,60.0,train
double_eta33_U1p00_sep40.png,33,1.0,1.1703727301734076e-13,double,2,40.0,train
double_eta37_U2p50_sep30.png,37,2.5,2.4589530829535162e-14,double,2,30.0,train
double_eta33_U2p50_sep65.png,33,2.5,5.20695256369991e-14,double,2,65.0,train
double_eta35_U0p50_sep50.png,35,0.5,1.1340595702136511e-13,double,2,50.0,train
double_eta31_U3p50_sep30.png,31,3.5,-1.0471009763421056e-14,double,2,30.0,train
double_eta38_U2p50_sep55.png,38,2.5,2.1846263107037583e-14,double,2,55.0,train
double_eta39_U2p50_sep75.png,39,2.5,1.79016611826885e-14,double,2,75.0,train
double_eta36_U3p50_sep30.png,36,3.5,-4.5681556213945525e-14,double,2,30.0,train
double_eta36_U0p00_sep70.png,36,0.0,1.1080718486142379e-13,double,2,70.0,train
double_eta31_U3p00_sep65.png,31,3.0,3.461383729429904e-14,double,2,65.0,train
double_eta31_U3p00_sep60.png,31,3.0,3.4314445097456566e-14,double,2,60.0,train
double_eta38_U0p50_sep35.png,38,0.5,9.70382954635362e-14,double,2,35.0,train
double_eta40_U0p50_sep60.png,40,0.5,8.819665174394704e-14,double,2,60.0,train
double_eta38_U0p50_sep40.png,38,0.5,9.705888707164807e-14,double,2,40.0,train
double_eta34_U1p00_sep70.png,34,1.0,1.1031725380009199e-13,double,2,70.0,train
double_eta35_U3p00_sep45.png,35,3.0,3.199629944764015e-15,double,2,45.0,train
double_eta34_U0p00_sep55.png,34,0.0,1.2308793427021958e-13,double,2,55.0,train
double_eta32_U1p00_sep60.png,32,1.0,1.2493685596300314e-13,double,2,60.0,train
double_eta31_U2p00_sep45.png,31,2.0,9.502064743911788e-14,double,2,45.0,train
double_eta39_U1p00_sep75.png,39,1.0,8.29329264129987e-14,double,2,75.0,train
double_eta37_U2p00_sep70.png,37,2.0,5.51492230126851e-14,double,2,70.0,train
double_eta31_U3p00_sep45.png,31,3.0,3.261009060527406e-14,double,2,45.0,train
double_eta40_U2p00_sep35.png,40,2.0,3.9710912679064154e-14,double,2,35.0,train
double_eta32_U1p50_sep65.png,32,1.5,1.0922375630864242e-13,double,2,65.0,train
double_eta37_U2p00_sep75.png,37,2.0,5.5145699623940056e-14,double,2,75.0,train
double_eta33_U1p50_sep75.png,33,1.5,1.0160946122998698e-13,double,2,75.0,train
double_eta33_U2p50_sep45.png,33,2.5,5.07263042238865e-14,double,2,45.0,train
double_eta35_U0p00_sep30.png,35,0.0,1.1677425352361737e-13,double,2,30.0,train
double_eta31_U2p00_sep40.png,31,2.0,9.475050284150458e-14,double,2,40.0,train
double_eta32_U1p00_sep45.png,32,1.0,1.2474634403479818e-13,double,2,45.0,train
double_eta32_U2p00_sep40.png,32,2.0,8.633856698352207e-14,double,2,40.0,train
double_eta35_U1p50_sep70.png,35,1.5,8.820380608969961e-14,double,2,70.0,train
double_eta33_U0p00_sep60.png,33,0.0,1.301114106029837e-13,double,2,60.0,train
double_eta35_U0p50_sep55.png,35,0.5,1.1339739270756242e-13,double,2,55.0,train
double_eta39_U2p50_sep70.png,39,2.5,1.7888583772400618e-14,double,2,70.0,train
double_eta31_U2p00_sep75.png,31,2.0,9.59519804496563e-14,double,2,75.0,train
double_eta37_U3p50_sep65.png,37,3.5,-4.506678729298921e-14,double,2,65.0,train
double_eta35_U0p00_sep40.png,35,0.0,1.1670210685157364e-13,double,2,40.0,train
double_eta38_U2p50_sep35.png,38,2.5,2.0056022937207488e-14,double,2,35.0,train
double_eta38_U1p50_sep75.png,38,1.5,7.186716745208681e-14,double,2,75.0,train
double_eta40_U0p00_sep30.png,40,0.0,9.153809062468108e-14,double,2,30.0,train
double_eta32_U2p50_sep75.png,32,2.5,5.98922580294165e-14,double,2,75.0,train
double_eta38_U0p00_sep35.png,38,0.0,1.0038068130074398e-13,double,2,35.0,train
double_eta40_U0p00_sep40.png,40,0.0,9.146914495903199e-14,double,2,40.0,train
double_eta38_U1p50_sep65.png,38,1.5,7.181950555012582e-14,double,2,65.0,train
double_eta40_U2p50_sep50.png,40,2.5,1.2573434801995279e-14,double,2,50.0,train
double_eta37_U3p00_sep50.png,37,3.0,-7.407941661578036e-15,double,2,50.0,train
double_eta39_U0p50_sep65.png,39,0.5,9.246984521131783e-14,double,2,65.0,train
double_eta38_U1p50_sep55.png,38,1.5,7.16463719609527e-14,double,2,55.0,train
double_eta34_U3p00_sep60.png,34,3.0,1.1306742660494175e-14,double,2,60.0,train
double_eta40_U2p50_sep45.png,40,2.5,1.2112182954309545e-14,double,2,45.0,train
double_eta36_U1p00_sep75.png,36,1.0,9.799153560914561e-14,double,2,75.0,train
double_eta33_U1p00_sep65.png,33,1.0,1.1727983975386778e-13,double,2,65.0,train
double_eta39_U0p00_sep40.png,39,0.0,9.57573459480471e-14,double,2,40.0,train
double_eta35_U2p00_sep35.png,35,2.0,6.494361665510451e-14,double,2,35.0,train
double_eta36_U0p50_sep60.png,36,0.5,1.0754052934099238e-13,double,2,60.0,train
double_eta31_U1p50_sep40.png,31,1.5,1.1704583127484352e-13,double,2,40.0,train
double_eta32_U3p50_sep40.png,32,3.5,-1.6695374716131168e-14,double,2,40.0,train
double_eta39_U2p00_sep50.png,39,2.0,4.4884998437993974e-14,double,2,50.0,train
double_eta37_U2p00_sep65.png,37,2.0,5.505203482374571e-14,double,2,65.0,train
double_eta38_U1p50_sep35.png,38,1.5,7.105372639113776e-14,double,2,35.0,train
double_eta34_U2p50_sep45.png,34,2.5,4.373230447918651e-14,double,2,45.0,train
double_eta40_U3p00_sep40.png,40,3.0,-2.26582903162435e-14,double,2,40.0,train
double_eta32_U3p50_sep45.png,32,3.5,-1.5725544750184273e-14,double,2,45.0,train
double_eta38_U2p50_sep40.png,38,2.5,2.0571186052475654e-14,double,2,40.0,train
double_eta38_U1p50_sep60.png,38,1.5,7.177232708479944e-14,double,2,60.0,train
double_eta33_U3p50_sep65.png,33,3.5,-2.0492116123768862e-14,double,2,65.0,train
double_eta38_U0p00_sep70.png,38,0.0,1.0038034478975023e-13,double,2,70.0,train
double_eta35_U0p50_sep30.png,35,0.5,1.1341846613595379e-13,double,2,30.0,train
double_eta39_U3p00_sep70.png,39,3.0,-1.545887195867518e-14,double,2,70.0,train
double_eta34_U1p50_sep70.png,34,1.5,9.461900429666733e-14,double,2,70.0,train
double_eta33_U0p50_sep70.png,33,0.5,1.268581609795143e-13,double,2,70.0,train
double_eta37_U3p00_sep65.png,37,3.0,-6.068189347941943e-15,double,2,65.0,train
double_eta37_U3p50_sep40.png,37,3.5,-4.8915013653041414e-14,double,2,40.0,train
double_eta33_U2p00_sep40.png,33,2.0,7.867612558877315e-14,double,2,40.0,train
double_eta34_U2p50_sep60.png,34,2.5,4.488572465221376e-14,double,2,60.0,train
double_eta34_U3p00_sep50.png,34,3.0,1.0271577223222497e-14,double,2,50.0,train
double_eta32_U3p00_sep50.png,32,3.0,2.489464188027504e-14,double,2,50.0,train
double_eta40_U1p50_sep60.png,40,1.5,6.285394055417464e-14,double,2,60.0,train
double_eta38_U3p50_sep70.png,38,3.5,-4.97298331180813e-14,double,2,70.0,train
double_eta35_U3p50_sep40.png,35,3.5,-3.7659933163302733e-14,double,2,40.0,train
double_eta34_U1p00_sep65.png,34,1.0,1.102773928504235e-13,double,2,65.0,train
double_eta36_U1p00_sep55.png,36,1.0,9.789590880850033e-14,double,2,55.0,train
double_eta37_U3p50_sep75.png,37,3.5,-4.4664944255156166e-14,double,2,75.0,train
double_eta40_U3p00_sep65.png,40,3.0,-1.995523538784512e-14,double,2,65.0,train
double_eta40_U0p50_sep50.png,40,0.5,8.817160822092323e-14,double,2,50.0,train
double_eta39_U3p50_sep45.png,39,3.5,-5.752253992245611e-14,double,2,45.0,train
double_eta37_U2p50_sep75.png,37,2.5,2.7528826361358785e-14,double,2,75.0,train
double_eta39_U1p50_sep35.png,39,1.5,6.64250764338979e-14,double,2,35.0,train
double_eta38_U0p00_sep55.png,38,0.0,1.0035775975343321e-13,double,2,55.0,train
double_eta39_U1p00_sep50.png,39,1.0,8.28042568252788e-14,double,2,50.0,train
double_eta36_U3p50_sep60.png,36,3.5,-4.012228011247564e-14,double,2,60.0,train
double_eta40_U2p00_sep30.png,40,2.0,3.945473719785106e-14,double,2,30.0,train
double_eta37_U0p50_sep65.png,37,0.5,1.0210207573116064e-13,double,2,65.0,train
double_eta31_U0p00_sep55.png,31,0.0,1.4616424129126496e-13,double,2,55.0,train
double_eta33_U0p00_sep40.png,33,0.0,1.3011631121955861e-13,double,2,40.0,train
double_eta38_U2p50_sep70.png,38,2.5,2.251362992977795e-14,double,2,70.0,train
double_eta31_U3p50_sep75.png,31,3.5,-4.117895146068987e-15,double,2,75.0,train
double_eta36_U2p00_sep50.png,36,2.0,5.993939624131947e-14,double,2,50.0,train
double_eta30_U1p50_sep55.png,30,1.5,1.2673021439976596e-13,double,2,55.0,train
double_eta36_U3p00_sep30.png,36,3.0,-4.864401682647891e-15,double,2,30.0,train
double_eta32_U0p50_sep30.png,32,0.5,1.3449985958569082e-13,double,2,30.0,train
double_eta38_U0p50_sep50.png,38,0.5,9.708780136603351e-14,double,2,50.0,train
double_eta39_U1p50_sep45.png,39,1.5,6.673768007446302e-14,double,2,45.0,train
double_eta39_U1p00_sep55.png,39,1.0,8.283858587274856e-14,double,2,55.0,train
double_eta40_U1p00_sep70.png,40,1.0,7.866329302485633e-14,double,2,70.0,train
double_eta31_U0p50_sep55.png,31,0.5,1.4288965546644985e-13,double,2,55.0,train
double_eta37_U0p00_sep45.png,37,0.0,1.0536240259638376e-13,double,2,45.0,train
double_eta33_U0p00_sep30.png,33,0.0,1.301899202479563e-13,double,2,30.0,train
double_eta37_U0p50_sep50.png,37,0.5,1.0209214070984956e-13,double,2,50.0,train
double_eta38_U2p50_sep30.png,38,2.5,1.9588659112595988e-14,double,2,30.0,train
double_eta35_U3p00_sep30.png,35,3.0,1.0127777572772484e-15,double,2,30.0,train
double_eta36_U3p50_sep45.png,36,3.5,-4.254403871229102e-14,double,2,45.0,train
double_eta39_U2p50_sep30.png,39,2.5,1.4963764658236303e-14,double,2,30.0,train
double_eta32_U2p00_sep60.png,32,2.0,8.73330153014534e-14,double,2,60.0,train
double_eta34_U3p50_sep40.png,34,3.5,-3.12805891184539e-14,double,2,40.0,train
double_eta34_U3p50_sep65.png,34,3.5,-2.7448425532702193e-14,double,2,65.0,train
double_eta39_U1p00_sep60.png,39,1.0,8.290602222770102e-14,double,2,60.0,train
double_eta32_U2p50_sep65.png,32,2.5,5.97244441512017e-14,double,2,65.0,train
double_eta30_U0p00_sep50.png,30,0.0,1.5545088994393805e-13,double,2,50.0,train
double_eta38_U0p00_sep40.png,38,0.0,1.0038493441056562e-13,double,2,40.0,train
double_eta39_U3p00_sep65.png,39,3.0,-1.5676207064283528e-14,double,2,65.0,train
double_eta37_U2p50_sep40.png,37,2.5,2.5571324855990848e-14,double,2,40.0,train
double_eta39_U0p50_sep70.png,39,0.5,9.249644397337821e-14,double,2,70.0,train
double_eta36_U3p00_sep60.png,36,3.0,-9.614913787476891e-16,double,2,60.0,train
double_eta39_U0p00_sep55.png,39,0.0,9.573024488613206e-14,double,2,55.0,train
double_eta38_U2p00_sep45.png,38,2.0,4.921769058757468e-14,double,2,45.0,train
double_eta31_U0p50_sep70.png,31,0.5,1.429354067430401e-13,double,2,70.0,train
double_eta39_U0p00_sep65.png,39,0.0,9.573023637924456e-14,double,2,65.0,train
double_eta37_U0p50_sep45.png,37,0.5,1.020538641570283e-13,double,2,45.0,train
double_eta35_U0p00_sep60.png,35,0.0,1.1669733800152838e-13,double,2,60.0,train
double_eta36_U1p00_sep40.png,36,1.0,9.772927441307629e-14,double,2,40.0,train
double_eta30_U2p00_sep65.png,30,2.0,1.051162655201058e-13,double,2,65.0,train
double_eta30_U1p50_sep40.png,30,1.5,1.2631204401759488e-13,double,2,40.0,train
double_eta32_U2p00_sep30.png,32,2.0,8.576739867142689e-14,double,2,30.0,train
double_eta31_U2p50_sep50.png,31,2.5,6.724730542720823e-14,double,2,50.0,train
double_eta30_U1p00_sep65.png,30,1.0,1.426256196995317e-13,double,2,65.0,train
double_eta39_U2p50_sep40.png,39,2.5,1.594688542601499e-14,double,2,40.0,train
double_eta32_U3p50_sep30.png,32,3.5,-1.8843134602769756e-14,double,2,30.0,train
double_eta36_U0p00_sep75.png,36,0.0,1.107845508827614e-13,double,2,75.0,train
double_eta34_U2p50_sep70.png,34,2.5,4.522496647111239e-14,double,2,70.0,train
double_eta33_U2p00_sep70.png,33,2.0,7.987687189441863e-14,double,2,70.0,train
double_eta35_U0p50_sep70.png,35,0.5,1.1344277532931162e-13,double,2,70.0,train
double_eta38_U1p50_sep50.png,38,1.5,7.153821380386256e-14,double,2,50.0,train
double_eta34_U3p50_sep35.png,34,3.5,-3.2356778129578684e-14,double,2,35.0,train
double_eta37_U1p50_sep40.png,37,1.5,7.62347088536476e-14,double,2,40.0,train
double_eta36_U0p50_sep70.png,36,0.5,1.075520818199333e-13,double,2,70.0,train
double_eta31_U2p50_sep70.png,31,2.5,6.827754857983692e-14,double,2,70.0,train
double_eta30_U3p00_sep40.png,30,3.0,4.117065742951946e-14,double,2,40.0,train
double_eta35_U3p50_sep35.png,35,3.5,-3.873769425632438e-14,double,2,35.0,train
double_eta38_U0p00_sep65.png,38,0.0,1.0035775115714961e-13,double,2,65.0,train
double_eta31_U2p00_sep70.png,31,2.0,9.595190242762276e-14,double,2,70.0,train
double_eta40_U2p50_sep65.png,40,2.5,1.3455625647594445e-14,double,2,65.0,train
double_eta36_U2p00_sep30.png,36,2.0,5.8798989279424e-14,double,2,30.0,train
double_eta30_U3p00_sep50.png,30,3.0,4.252250259433689e-14,double,2,50.0,train
double_eta30_U0p50_sep50.png,30,0.5,1.5216300086576403e-13,double,2,50.0,train
double_eta31_U3p50_sep60.png,31,3.5,-4.959747726934882e-15,double,2,60.0,train
double_eta30_U2p00_sep30.png,30,2.0,1.0344503833134888e-13,double,2,30.0,train
double_eta36_U0p50_sep40.png,36,0.5,1.0748649560285968e-13,double,2,40.0,train
double_eta34_U2p50_sep75.png,34,2.5,4.524185213155838e-14,double,2,75.0,train
double_eta32_U1p00_sep65.png,32,1.0,1.2494477817196542e-13,double,2,65.0,train
double_eta39_U2p00_sep45.png,39,2.0,4.459009371579357e-14,double,2,45.0,train
double_eta32_U2p50_sep60.png,32,2.5,5.953414361324154e-14,double,2,60.0,train
double_eta30_U2p50_sep40.png,30,2.5,7.559281555985124e-14,double,2,40.0,train
double_eta34_U0p50_sep65.png,34,0.5,1.1982978845261905e-13,double,2,65.0,train
double_eta39_U1p00_sep70.png,39,1.0,8.295255577809287e-14,double,2,70.0,train
double_eta38_U3p50_sep75.png,38,3.5,-4.964157060604375e-14,double,2,75.0,train
double_eta39_U0p00_sep50.png,39,0.0,9.575288942469128e-14,double,2,50.0,train
double_eta33_U2p50_sep55.png,33,2.5,5.154992347992982e-14,double,2,55.0,train
double_eta38_U3p00_sep35.png,38,3.0,-1.4527714951554162e-14,double,2,35.0,train
double_eta33_U0p50_sep35.png,33,0.5,1.2677329050401876e-13,double,2,35.0,train
double_eta39_U0p00_sep60.png,39,0.0,9.575281260719671e-14,double,2,60.0,train
double_eta35_U3p00_sep35.png,35,3.0,1.7520256796720297e-15,double,2,35.0,train
double_eta35_U2p50_sep55.png,35,2.5,3.814927206295336e-14,double,2,55.0,train
double_eta40_U3p50_sep60.png,40,3.5,-5.936028847977817e-14,double,2,60.0,train
double_eta33_U1p00_sep75.png,33,1.0,1.1730114856523882e-13,double,2,75.0,train
double_eta32_U2p00_sep35.png,32,2.0,8.60198953950752e-14,double,2,35.0,train
double_eta32_U0p00_sep35.png,32,0.0,1.3777694498178873e-13,double,2,35.0,train
double_eta36_U3p50_sep55.png,36,3.5,-4.080374301266118e-14,double,2,55.0,train
double_eta39_U0p00_sep75.png,39,0.0,9.573023628937721e-14,double,2,75.0,train
double_eta35_U0p00_sep35.png,35,0.0,1.166986647764142e-13,double,2,35.0,train
double_eta38_U3p00_sep40.png,38,3.0,-1.3761242626987493e-14,double,2,40.0,train
double_eta35_U3p50_sep60.png,35,3.5,-3.426714894850184e-14,double,2,60.0,train
double_eta39_U2p50_sep35.png,39,2.5,1.5431518673402575e-14,double,2,35.0,train
double_eta31_U1p00_sep55.png,31,1.0,1.3328340751683096e-13,double,2,55.0,train
double_eta37_U0p00_sep55.png,37,0.0,1.0536175158477832e-13,double,2,55.0,train
double_eta34_U3p00_sep75.png,34,3.0,1.1872752553506098e-14,double,2,75.0,train
double_eta30_U0p00_sep35.png,30,0.0,1.5545407678487652e-13,double,2,35.0,train
double_eta40_U1p00_sep40.png,40,1.0,7.838347101111782e-14,double,2,40.0,train
double_eta37_U0p00_sep35.png,37,0.0,1.053850099097281e-13,double,2,35.0,train
double_eta31_U0p00_sep30.png,31,0.0,1.4626718555155326e-13,double,2,30.0,train
double_eta32_U2p00_sep55.png,32,2.0,8.712082345740207e-14,double,2,55.0,train
double_eta30_U1p50_sep50.png,30,1.5,1.2662146759338432e-13,double,2,50.0,train
double_eta39_U2p50_sep55.png,39,2.5,1.722179966096526e-14,double,2,55.0,train
double_eta36_U1p00_sep70.png,36,1.0,9.801074105937629e-14,double,2,70.0,train
double_eta35_U1p00_sep65.png,35,1.0,1.038626603077914e-13,double,2,65.0,train
double_eta35_U2p50_sep50.png,35,2.5,3.77866431711251e-14,double,2,50.0,train
double_eta34_U2p00_sep60.png,34,2.0,7.26704618447307e-14,double,2,60.0,train
double_eta31_U0p50_sep35.png,31,0.5,1.4285111998498758e-13,double,2,35.0,train
double_eta34_U0p50_sep75.png,34,0.5,1.1983484379388376e-13,double,2,75.0,train
double_eta37_U0p00_sep50.png,37,0.0,1.0538443555821402e-13,double,2,50.0,train
double_eta34_U1p00_sep55.png,34,1.0,1.10201846002621e-13,double,2,55.0,train
double_eta39_U2p50_sep60.png,39,2.5,1.7551931566223176e-14,double,2,60.0,train
double_eta33_U0p00_sep35.png,33,0.0,1.3011346791306502e-13,double,2,35.0,train
double_eta30_U0p50_sep45.png,30,0.5,1.5212452089779256e-13,double,2,45.0,train
double_eta33_U3p50_sep55.png,33,3.5,-2.161249988668999e-14,double,2,55.0,train
double_eta37_U2p00_sep30.png,37,2.0,5.337585033310582e-14,double,2,30.0,train
double_eta34_U3p00_sep65.png,34,3.0,1.160767387354026e-14,double,2,65.0,train
double_eta33_U1p50_sep45.png,33,1.5,1.0110323094158964e-13,double,2,45.0,train
double_eta32_U0p00_sep60.png,32,0.0,1.377744994091842e-13,double,2,60.0,train
double_eta40_U3p50_sep40.png,40,3.5,-6.27695274149036e-14,double,2,40.0,train
double_eta38_U0p00_sep60.png,38,0.0,1.0038034568920787e-13,double,2,60.0,train
double_eta40_U0p50_sep70.png,40,0.5,8.820797145308977e-14,double,2,70.0,train
double_eta36_U0p00_sep50.png,36,0.0,1.1080726518655174e-13,double,2,50.0,train
double_eta40_U3p00_sep35.png,40,3.0,-2.3425500853797483e-14,double,2,35.0,train
double_eta36_U1p00_sep50.png,36,1.0,9.786144198100773e-14,double,2,50.0,train
double_eta40_U1p50_sep35.png,40,1.5,6.21358609416155e-14,double,2,35.0,train
double_eta33_U0p00_sep45.png,33,0.0,1.3008940552485852e-13,double,2,45.0,train
double_eta37_U0p00_sep60.png,37,0.0,1.0538435704910085e-13,double,2,60.0,train
double_eta37_U0p00_sep40.png,37,0.0,1.0538900346570917e-13,double,2,40.0,train
double_eta38_U2p00_sep60.png,38,2.0,4.994093614989573e-14,double,2,60.0,train
double_eta32_U1p00_sep75.png,32,1.0,1.2496641152486866e-13,double,2,75.0,train
double_eta39_U3p00_sep40.png,39,3.0,-1.8378779922764344e-14,double,2,40.0,train
double_eta38_U2p50_sep75.png,38,2.5,2.2527415962885096e-14,double,2,75.0,train
double_eta35_U3p50_sep55.png,35,3.5,-3.494729624545353e-14,double,2,55.0,train
double_eta38_U2p00_sep35.png,38,2.0,4.862698935448277e-14,double,2,35.0,train
double_eta36_U1p50_sep30.png,36,1.5,8.138359803625057e-14,double,2,30.0,train
double_eta30_U2p50_sep70.png,30,2.5,7.753204826214437e-14,double,2,70.0,train
double_eta35_U3p50_sep50.png,35,3.5,-3.57397916182676e-14,double,2,50.0,train
double_eta37_U0p00_sep30.png,37,0.0,1.0545979258853504e-13,double,2,30.0,train
double_eta39_U1p00_sep65.png,39,1.0,8.291342216195634e-14,double,2,65.0,train
double_eta33_U0p50_sep40.png,33,0.5,1.2679241478539841e-13,double,2,40.0,train
double_eta30_U1p00_sep35.png,30,1.0,1.423076572419784e-13,double,2,35.0,train
double_eta33_U3p50_sep45.png,33,3.5,-2.334573740286354e-14,double,2,45.0,train
double_eta35_U2p50_sep75.png,35,2.5,3.883393116653301e-14,double,2,75.0,train
double_eta32_U0p00_sep30.png,32,0.0,1.3785384962823405e-13,double,2,30.0,train
double_eta33_U1p50_sep60.png,33,1.5,1.0151071539751122e-13,double,2,60.0,train
double_eta32_U1p50_sep35.png,32,1.5,1.0845695561569608e-13,double,2,35.0,train
double_eta34_U3p00_sep55.png,34,3.0,1.0823689836457677e-14,double,2,55.0,train
double_eta40_U0p00_sep55.png,40,0.0,9.144211372259354e-14,double,2,55.0,train
double_eta35_U0p50_sep45.png,35,0.5,1.1336761634105794e-13,double,2,45.0,train
double_eta36_U0p50_sep35.png,36,0.5,1.0746645398523532e-13,double,2,35.0,train
double_eta34_U1p00_sep45.png,34,1.0,1.1007943936810174e-13,double,2,45.0,train
double_eta39_U2p00_sep75.png,39,2.0,4.551130593562544e-14,double,2,75.0,train
double_eta33_U3p00_sep70.png,33,3.0,1.8805814248629097e-14,double,2,70.0,train
double_eta38_U1p00_sep35.png,38,1.0,8.722347613630548e-14,double,2,35.0,train
double_eta31_U2p50_sep30.png,31,2.5,6.536267702879478e-14,double,2,30.0,train
double_eta38_U1p00_sep45.png,38,1.0,8.73450855012687e-14,double,2,45.0,train
double_eta31_U0p50_sep75.png,31,0.5,1.4291369639137142e-13,double,2,75.0,train
double_eta34_U2p50_sep40.png,34,2.5,4.3281916035814665e-14,double,2,40.0,train
double_eta31_U0p00_sep65.png,31,0.0,1.4616423196904944e-13,double,2,65.0,train
double_eta35_U2p50_sep70.png,35,2.5,3.8817843219705255e-14,double,2,70.0,train
double_eta34_U0p50_sep30.png,34,0.5,1.198330284783718e-13,double,2,30.0,train
double_eta32_U2p50_sep50.png,32,2.5,5.884304179526086e-14,double,2,50.0,train
double_eta35_U3p00_sep60.png,35,3.0,4.9121162346428e-15,double,2,60.0,train
double_eta31_U2p00_sep35.png,31,2.0,9.443224252313213e-14,double,2,35.0,train
double_eta37_U2p50_sep50.png,37,2.5,2.6483699590996012e-14,double,2,50.0,train
double_eta30_U1p00_sep30.png,30,1.0,1.4231476103653943e-13,double,2,30.0,train
double_eta38_U3p00_sep30.png,38,3.0,-1.526941610287266e-14,double,2,30.0,train
double_eta30_U3p50_sep35.png,30,3.5,-1.8077723943651138e-16,double,2,35.0,train
double_eta31_U1p00_sep60.png,31,1.0,1.3335136079589912e-13,double,2,60.0,train
double_eta33_U1p50_sep30.png,33,1.5,1.0069387189956835e-13,double,2,30.0,train
double_eta40_U3p00_sep30.png,40,3.0,-2.4168228414189288e-14,double,2,30.0,train
double_eta35_U1p50_sep55.png,35,1.5,8.796725575456007e-14,double,2,55.0,train
double_eta31_U1p00_sep40.png,31,1.0,1.3311636855376151e-13,double,2,40.0,train
double_eta31_U2p50_sep65.png,31,2.5,6.81280533946916e-14,double,2,65.0,val
double_eta31_U2p50_sep75.png,31,2.5,6.829669095086168e-14,double,2,75.0,val
double_eta30_U3p50_sep40.png,30,3.5,8.870430794187221e-16,double,2,40.0,val
double_eta37_U0p50_sep30.png,37,0.5,1.0210318820906159e-13,double,2,30.0,val
double_eta33_U2p50_sep70.png,33,2.5,5.221869486890474e-14,double,2,70.0,val
double_eta36_U1p50_sep45.png,36,1.5,8.179516254830102e-14,double,2,45.0,val
double_eta36_U2p00_sep75.png,36,2.0,6.056959595658971e-14,double,2,75.0,val
double_eta36_U1p00_sep65.png,36,1.0,9.797117929149706e-14,double,2,65.0,val
double_eta40_U1p00_sep55.png,40,1.0,7.854960392847627e-14,double,2,55.0,val
double_eta37_U2p50_sep55.png,37,2.5,2.684642973037448e-14,double,2,55.0,val
double_eta40_U3p00_sep60.png,40,3.0,-2.0256859339285097e-14,double,2,60.0,val
double_eta36_U0p50_sep75.png,36,0.5,1.0753021742094363e-13,double,2,75.0,val
double_eta35_U2p00_sep70.png,35,2.0,6.646294942385623e-14,double,2,70.0,val
double_eta37_U1p00_sep75.png,37,1.0,9.256719356475158e-14,double,2,75.0,val
double_eta37_U3p50_sep70.png,37,3.5,-4.47540786652262e-14,double,2,70.0,val
double_eta34_U0p00_sep45.png,34,0.0,1.2308860942843594e-13,double,2,45.0,val
double_eta40_U0p50_sep35.png,40,0.5,8.812155923494685e-14,double,2,35.0,val
double_eta38_U0p00_sep45.png,38,0.0,1.0035840331157258e-13,double,2,45.0,val
double_eta33_U3p00_sep60.png,33,3.0,1.8286774310873552e-14,double,2,60.0,val
double_eta40_U1p50_sep45.png,40,1.5,6.244854254369655e-14,double,2,45.0,val
double_eta38_U0p50_sep30.png,38,0.5,9.709816269636703e-14,double,2,30.0,val
double_eta31_U0p50_sep60.png,31,0.5,1.4292355648316408e-13,double,2,60.0,val
double_eta37_U0p50_sep40.png,37,0.5,1.020632520444191e-13,double,2,40.0,val
double_eta35_U3p00_sep65.png,35,3.0,5.213356263209549e-15,double,2,65.0,val
double_eta40_U2p50_sep60.png,40,2.5,1.3266122288602737e-14,double,2,60.0,val
double_eta39_U2p00_sep40.png,39,2.0,4.4319848125457627e-14,double,2,40.0,val
double_eta40_U0p50_sep40.png,40,0.5,8.814265472702421e-14,double,2,40.0,val
double_eta37_U1p50_sep55.png,37,1.5,7.665164132973377e-14,double,2,55.0,val
double_eta32_U2p50_sep45.png,32,2.5,5.838194343513938e-14,double,2,45.0,val
double_eta36_U0p00_sep65.png,36,0.0,1.1078455097549559e-13,double,2,65.0,val
double_eta36_U2p50_sep40.png,36,2.5,3.098961468542739e-14,double,2,40.0,val
double_eta40_U2p50_sep75.png,40,2.5,1.3614530130642772e-14,double,2,75.0,val
double_eta35_U1p50_sep35.png,35,1.5,8.73745528942642e-14,double,2,35.0,val
double_eta33_U0p00_sep50.png,33,0.0,1.3011149290236476e-13,double,2,50.0,val
double_eta38_U3p00_sep70.png,38,3.0,-1.0841822191176762e-14,double,2,70.0,val
double_eta38_U3p50_sep60.png,38,3.5,-5.049026034543265e-14,double,2,60.0,val
double_eta36_U3p50_sep35.png,36,3.5,-4.459868213533004e-14,double,2,35.0,val
double_eta34_U3p00_sep30.png,34,3.0,7.411610681979205e-15,double,2,30.0,val
double_eta35_U2p50_sep45.png,35,2.5,3.7325143796855954e-14,double,2,45.0,val
double_eta32_U1p50_sep60.png,32,1.5,1.0917567880855822e-13,double,2,60.0,val
double_eta38_U1p00_sep30.png,38,1.0,8.722701131957531e-14,double,2,30.0,val
double_eta37_U1p00_sep40.png,37,1.0,9.230547817675978e-14,double,2,40.0,val
double_eta37_U0p50_sep55.png,37,0.5,1.0208358393252989e-13,double,2,55.0,val
double_eta34_U3p50_sep60.png,34,3.5,-2.7892947181894918e-14,double,2,60.0,val
double_eta40_U3p00_sep55.png,40,3.0,-2.07426828659537e-14,double,2,55.0,val
double_eta35_U1p00_sep40.png,35,1.0,1.0362052270841806e-13,double,2,40.0,val
double_eta40_U3p00_sep75.png,40,3.0,-1.9696925211092765e-14,double,2,75.0,val
double_eta34_U0p50_sep40.png,34,0.5,1.197909580521575e-13,double,2,40.0,val
double_eta40_U2p00_sep45.png,40,2.0,4.030168167432403e-14,double,2,45.0,val
double_eta33_U3p50_sep50.png,33,3.5,-2.240246325096619e-14,double,2,50.0,val
double_eta32_U0p00_sep70.png,32,0.0,1.3777449844669524e-13,double,2,70.0,val
double_eta34_U0p00_sep65.png,34,0.0,1.2308792527983438e-13,double,2,65.0,val
double_eta39_U2p00_sep70.png,39,2.0,4.5515875586774655e-14,double,2,70.0,val
double_eta34_U3p50_sep30.png,34,3.5,-3.343634592970956e-14,double,2,30.0,val
double_eta38_U0p50_sep65.png,38,0.5,9.709769736868325e-14,double,2,65.0,val
double_eta38_U0p00_sep50.png,38,0.0,1.0038042333553011e-13,double,2,50.0,val
double_eta30_U3p00_sep45.png,30,3.0,4.1849639107463014e-14,double,2,45.0,val
double_eta37_U0p00_sep75.png,37,0.0,1.053617428037095e-13,double,2,75.0,val
double_eta31_U2p50_sep60.png,31,2.5,6.793786245705128e-14,double,2,60.0,val
double_eta34_U1p00_sep60.png,34,1.0,1.1026961328985984e-13,double,2,60.0,val
double_eta30_U3p00_sep55.png,30,3.0,4.307173021536124e-14,double,2,55.0,val
double_eta33_U2p50_sep40.png,33,2.5,5.02761774935246e-14,double,2,40.0,val
double_eta36_U0p00_sep35.png,36,0.0,1.1080816883911505e-13,double,2,35.0,val
double_eta38_U3p50_sep30.png,38,3.5,-5.606130673113587e-14,double,2,30.0,val
double_eta30_U3p50_sep70.png,30,3.5,4.993535267929614e-15,double,2,70.0,val
double_eta39_U3p50_sep50.png,39,3.5,-5.657365034744099e-14,double,2,50.0,val
double_eta33_U2p00_sep35.png,33,2.0,7.835707243888748e-14,double,2,35.0,val
double_eta37_U1p50_sep30.png,37,1.5,7.595908381454967e-14,double,2,30.0,val
double_eta36_U3p50_sep40.png,36,3.5,-4.3519546182597135e-14,double,2,40.0,val
double_eta33_U3p00_sep40.png,33,3.0,1.5896143852809006e-14,double,2,40.0,val
double_eta36_U2p50_sep60.png,36,2.5,3.2594486644055316e-14,double,2,60.0,val
double_eta35_U0p50_sep35.png,35,0.5,1.1335738331522553e-13,double,2,35.0,val
double_eta34_U3p00_sep45.png,34,3.0,9.595900478057923e-15,double,2,45.0,val
double_eta36_U1p50_sep70.png,36,1.5,8.23118021202674e-14,double,2,70.0,val
double_eta39_U2p50_sep45.png,39,2.5,1.6397761157741337e-14,double,2,45.0,val
double_eta32_U1p50_sep40.png,32,1.5,1.0863139434611766e-13,double,2,40.0,val
double_eta35_U0p00_sep75.png,35,0.0,1.1667468183757351e-13,double,2,75.0,val
double_eta30_U2p00_sep75.png,30,2.0,1.052162977840445e-13,double,2,75.0,val
double_eta34_U2p00_sep65.png,34,2.0,7.277793190891961e-14,double,2,65.0,val
double_eta40_U1p00_sep45.png,40,1.0,7.842794280857755e-14,double,2,45.0,val
double_eta32_U2p00_sep75.png,32,2.0,8.753917167112808e-14,double,2,75.0,val
double_eta33_U2p50_sep35.png,33,2.5,4.976303648794084e-14,double,2,35.0,val
double_eta37_U0p50_sep60.png,37,0.5,1.0211728428941227e-13,double,2,60.0,val
double_eta38_U2p50_sep50.png,38,2.5,2.1483550089589045e-14,double,2,50.0,val
double_eta37_U1p00_sep70.png,37,1.0,9.25865499541686e-14,double,2,70.0,val
double_eta40_U3p50_sep50.png,40,3.5,-6.084169759789405e-14,double,2,50.0,val
double_eta37_U3p00_sep70.png,37,3.0,-5.850189417273017e-15,double,2,70.0,val
double_eta34_U1p00_sep50.png,34,1.0,1.101673037495468e-13,double,2,50.0,val
double_eta30_U1p50_sep45.png,30,1.5,1.2644860491445953e-13,double,2,45.0,val
double_eta30_U1p50_sep35.png,30,1.5,1.261382812658253e-13,double,2,35.0,val
double_eta39_U0p00_sep45.png,39,0.0,9.573088128626567e-14,double,2,45.0,val
double_eta38_U3p50_sep45.png,38,3.5,-5.2917328686022465e-14,double,2,45.0,val
double_eta36_U0p50_sep65.png,36,0.5,1.0752532668584065e-13,double,2,65.0,val
double_eta32_U2p50_sep35.png,32,2.5,5.74195982248258e-14,double,2,35.0,val
double_eta31_U1p00_sep75.png,31,1.0,1.3338130438596495e-13,double,2,75.0,val
double_eta30_U3p50_sep65.png,30,3.5,4.686061836727015e-15,double,2,65.0,val
double_eta33_U1p00_sep60.png,33,1.0,1.1727198814783176e-13,double,2,60.0,val
double_eta31_U0p00_sep40.png,31,0.0,1.4619200601843684e-13,double,2,40.0,val
double_eta33_U3p00_sep55.png,33,3.0,1.780447530290221e-14,double,2,55.0,val
double_eta35_U0p00_sep70.png,35,0.0,1.1669733707219243e-13,double,2,70.0,val
double_eta37_U2p00_sep40.png,37,2.0,5.395118752643175e-14,double,2,40.0,val
double_eta37_U3p50_sep50.png,37,3.5,-4.699090586847741e-14,double,2,50.0,val
double_eta33_U2p50_sep50.png,33,2.5,5.118758153126625e-14,double,2,50.0,val
double_eta34_U2p00_sep40.png,34,2.0,7.167598084553183e-14,double,2,40.0,val
double_eta30_U0p00_sep55.png,30,0.0,1.5542806948435087e-13,double,2,55.0,val
double_eta30_U2p50_sep50.png,30,2.5,7.650254037646154e-14,double,2,50.0,val
double_eta39_U3p00_sep35.png,39,3.0,-1.9145668597891144e-14,double,2,35.0,val
double_eta38_U1p00_sep75.png,38,1.0,8.756177527910921e-14,double,2,75.0,val
double_eta35_U3p00_sep50.png,35,3.0,3.875779051374372e-15,double,2,50.0,val
double_eta39_U2p00_sep65.png,39,2.0,4.541944324688431e-14,double,2,65.0,val
double_eta31_U0p50_sep65.png,31,0.5,1.4290838463661717e-13,double,2,65.0,val
double_eta38_U1p00_sep70.png,38,1.0,8.758127298267508e-14,double,2,70.0,val
double_eta40_U2p00_sep40.png,40,2.0,4.003154199779297e-14,double,2,40.0,val
double_eta35_U0p50_sep65.png,35,0.5,1.1341596473859121e-13,double,2,65.0,val
double_eta36_U0p50_sep50.png,36,0.5,1.0751535455705016e-13,double,2,50.0,val
double_eta30_U1p00_sep55.png,30,1.0,1.425495411091605e-13,double,2,55.0,val
double_eta31_U0p00_sep50.png,31,0.0,1.4618704919240532e-13,double,2,50.0,val
double_eta30_U0p50_sep30.png,30,0.5,1.5217961065040067e-13,double,2,30.0,val
double_eta36_U3p00_sep55.png,36,3.0,-1.445805108285435e-15,double,2,55.0,val
double_eta39_U0p50_sep60.png,39,0.5,9.248506827748147e-14,double,2,60.0,val
double_eta32_U2p00_sep70.png,32,2.0,8.753969294258585e-14,double,2,70.0,val
double_eta38_U1p00_sep40.png,38,1.0,8.730060792279921e-14,double,2,40.0,val
double_eta31_U1p50_sep70.png,31,1.5,1.1770222115091613e-13,double,2,70.0,val
double_eta33_U1p50_sep55.png,33,1.5,1.0138436101206554e-13,double,2,55.0,val
double_eta33_U3p00_sep30.png,33,3.0,1.439648771566017e-14,double,2,30.0,val
double_eta30_U1p00_sep75.png,30,1.0,1.426478760240635e-13,double,2,75.0,val
double_eta40_U1p00_sep35.png,40,1.0,7.830590203946121e-14,double,2,35.0,val
double_eta37_U1p00_sep35.png,37,1.0,9.222858866835676e-14,double,2,35.0,val
double_eta32_U3p50_sep75.png,32,3.5,-1.2475543162956236e-14,double,2,75.0,val
double_eta36_U0p00_sep45.png,36,0.0,1.1078521852488578e-13,double,2,45.0,val
double_eta34_U1p50_sep35.png,34,1.5,9.378935040995742e-14,double,2,35.0,val
double_eta31_U0p00_sep35.png,31,0.0,1.461898150694829e-13,double,2,35.0,val
double_eta34_U0p50_sep35.png,34,0.5,1.1977151533585344e-13,double,2,35.0,test
double_eta33_U0p00_sep65.png,33,0.0,1.3008871263711167e-13,double,2,65.0,test
double_eta39_U3p50_sep30.png,39,3.5,-6.066899208491258e-14,double,2,30.0,test
double_eta33_U3p50_sep60.png,33,3.5,-2.0935442540526265e-14,double,2,60.0,test
double_eta32_U2p50_sep55.png,32,2.5,5.920517560140126e-14,double,2,55.0,test
double_eta38_U2p00_sep30.png,38,2.0,4.8371454085070826e-14,double,2,30.0,test
double_eta37_U1p00_sep55.png,37,1.0,9.247200707982725e-14,double,2,55.0,test
double_eta35_U3p00_sep40.png,35,3.0,2.516606200844154e-15,double,2,40.0,test
double_eta40_U0p50_sep55.png,40,0.5,8.81630505006045e-14,double,2,55.0,test
double_eta30_U1p50_sep75.png,30,1.5,1.2695774578818636e-13,double,2,75.0,test
double_eta35_U1p50_sep30.png,35,1.5,8.727557765232344e-14,double,2,30.0,test
double_eta38_U2p50_sep60.png,38,2.5,2.2176354997663564e-14,double,2,60.0,test
double_eta40_U3p50_sep55.png,40,3.5,-6.004553426934459e-14,double,2,55.0,test
double_eta34_U0p00_sep70.png,34,0.0,1.2311060171686113e-13,double,2,70.0,test
double_eta37_U2p50_sep35.png,37,2.5,2.5056428356981126e-14,double,2,35.0,test
double_eta30_U1p00_sep45.png,30,1.0,1.4242669064321737e-13,double,2,45.0,test
double_eta36_U1p00_sep35.png,36,1.0,9.765264365630951e-14,double,2,35.0,test
double_eta32_U1p50_sep70.png,32,1.5,1.0928722038333507e-13,double,2,70.0,test
double_eta31_U1p50_sep30.png,31,1.5,1.167747350588562e-13,double,2,30.0,test
double_eta39_U0p00_sep70.png,39,0.0,9.575281171694729e-14,double,2,70.0,test
double_eta38_U1p50_sep45.png,38,1.5,7.136621563594784e-14,double,2,45.0,test
double_eta35_U1p00_sep60.png,35,1.0,1.0385495430819817e-13,double,2,60.0,test
double_eta39_U3p00_sep60.png,39,3.0,-1.597788079345122e-14,double,2,60.0,test
double_eta30_U3p00_sep60.png,30,3.0,4.355139884502885e-14,double,2,60.0,test
double_eta30_U2p00_sep50.png,30,2.0,1.0457978248393547e-13,double,2,50.0,test
double_eta38_U2p00_sep50.png,38,2.0,4.951275727051765e-14,double,2,50.0,test
double_eta40_U0p00_sep70.png,40,0.0,9.146466384694762e-14,double,2,70.0,test
double_eta30_U3p50_sep60.png,30,3.5,4.24746025246872e-15,double,2,60.0,test
double_eta38_U1p50_sep70.png,38,1.5,7.18813772226387e-14,double,2,70.0,test
double_eta30_U3p00_sep65.png,30,3.0,4.3850055216303975e-14,double,2,65.0,test
double_eta30_U1p50_sep30.png,30,1.5,1.2604180792350103e-13,double,2,30.0,test
double_eta39_U3p50_sep40.png,39,3.5,-5.850050599959118e-14,double,2,40.0,test
double_eta31_U0p00_sep60.png,31,0.0,1.4618696480848685e-13,double,2,60.0,test
double_eta35_U1p50_sep40.png,35,1.5,8.75498739751705e-14,double,2,40.0,test
double_eta37_U3p00_sep45.png,37,3.0,-8.084758386417232e-15,double,2,45.0,test
double_eta33_U2p00_sep60.png,33,2.0,7.967062112089079e-14,double,2,60.0,test
double_eta33_U2p50_sep75.png,33,2.5,5.223637045651244e-14,double,2,75.0,test
double_eta30_U3p50_sep30.png,30,3.5,-1.2509282360870396e-15,double,2,30.0,test
double_eta40_U0p00_sep75.png,40,0.0,9.14421052125218e-14,double,2,75.0,test
double_eta36_U2p00_sep45.png,36,2.0,5.964406623360005e-14,double,2,45.0,test
double_eta36_U2p50_sep30.png,36,2.5,3.0008699943992476e-14,double,2,30.0,test
double_eta31_U2p00_sep30.png,31,2.0,9.418038661420237e-14,double,2,30.0,test
double_eta33_U3p50_sep40.png,33,3.5,-2.4317265620125348e-14,double,2,40.0,test
double_eta32_U0p50_sep50.png,32,0.5,1.344849545537932e-13,double,2,50.0,test
